best_model,compared_model,seeds,accuracy_t,accuracy_p,precision_t,precision_p,recall_t,recall_p,f1_t,f1_p
mobilenet_v3_small,efficientnet_b0,"42,43,44",2.6457513110645876,0.11808289631180337,-13.098248499118776,0.00577825379047194,2.6266430536605627,0.11951033253800326,3.9890870480608083,0.05747780215398773
mobilenet_v3_small,mobilenet_v3_small,"42,43,44",0.0,1.0,0.0,1.0,0.0,1.0,0.0,1.0
mobilenet_v3_small,resnet18,"42,43,44",3.4999999999999973,0.07282735005446943,-2.1476768076302073,0.1648094529803691,3.4641016151377566,0.07417990022744846,4.35122901223425,0.04897005177849008
